"","anpp","trt_type","n","p","site_code","project_name","treatment_year","calendar_year","plot_id","community_type","block","public","k","precip","successional","pulse","plant_mani"
"1",63.5044497451916,"N",10,0,"sev.nfert","Nfert",1,2004,1,"0","0","1","0","0","0","0","0"
"2",58.390467745704,"N",10,0,"sev.nfert","Nfert",2,2005,1,"0","0","1","0","0","0","0","0"
"3",372.275381644879,"N",10,0,"sev.nfert","Nfert",3,2006,1,"0","0","1","0","0","0","0","0"
"4",153.089901648305,"N",10,0,"sev.nfert","Nfert",4,2007,1,"0","0","1","0","0","0","0","0"
"5",65.5340918148975,"N",10,0,"sev.nfert","Nfert",5,2008,1,"0","0","1","0","0","0","0","0"
"6",70.2930331112525,"N",10,0,"sev.nfert","Nfert",6,2009,1,"0","0","1","0","0","0","0","0"
"7",68.6311540441195,"N",10,0,"sev.nfert","Nfert",7,2010,1,"0","0","1","0","0","0","0","0"
"8",9.91485569303696,"N",10,0,"sev.nfert","Nfert",8,2011,1,"0","0","1","0","0","0","0","0"
"9",100.25820629376,"N",10,0,"sev.nfert","Nfert",9,2012,1,"0","0","1","0","0","0","0","0"
"10",138.865509852631,"N",10,0,"sev.nfert","Nfert",10,2013,1,"0","0","1","0","0","0","0","0"
"11",217.707109179692,"N",10,0,"sev.nfert","Nfert",11,2014,1,"0","0","1","0","0","0","0","0"
"12",85.8873478985204,"N",10,0,"sev.nfert","Nfert",12,2015,1,"0","0","1","0","0","0","0","0"
"13",207.449776543466,"N",10,0,"sev.nfert","Nfert",13,2016,1,"0","0","1","0","0","0","0","0"
"14",172.638661727563,"N",10,0,"sev.nfert","Nfert",14,2017,1,"0","0","1","0","0","0","0","0"
"15",89.9718293069732,"N",10,0,"sev.nfert","Nfert",15,2018,1,"0","0","1","0","0","0","0","0"
"16",35.2802103072572,"N",10,0,"sev.nfert","Nfert",16,2019,1,"0","0","1","0","0","0","0","0"
"17",10.8290575191833,"N",10,0,"sev.nfert","Nfert",17,2020,1,"0","0","1","0","0","0","0","0"
"18",35.2966751053554,"control",0,0,"sev.nfert","Nfert",1,2004,2,"0","0","1","0","0","0","0","0"
"19",70.5103645705298,"control",0,0,"sev.nfert","Nfert",2,2005,2,"0","0","1","0","0","0","0","0"
"20",157.935589837454,"control",0,0,"sev.nfert","Nfert",3,2006,2,"0","0","1","0","0","0","0","0"
"21",81.4362810190042,"control",0,0,"sev.nfert","Nfert",4,2007,2,"0","0","1","0","0","0","0","0"
"22",64.6556280565985,"control",0,0,"sev.nfert","Nfert",5,2008,2,"0","0","1","0","0","0","0","0"
"23",49.4468211363129,"control",0,0,"sev.nfert","Nfert",6,2009,2,"0","0","1","0","0","0","0","0"
"24",51.0532213896176,"control",0,0,"sev.nfert","Nfert",7,2010,2,"0","0","1","0","0","0","0","0"
"25",12.5022112778037,"control",0,0,"sev.nfert","Nfert",8,2011,2,"0","0","1","0","0","0","0","0"
"26",55.3044944363976,"control",0,0,"sev.nfert","Nfert",9,2012,2,"0","0","1","0","0","0","0","0"
"27",193.370897678465,"control",0,0,"sev.nfert","Nfert",10,2013,2,"0","0","1","0","0","0","0","0"
"28",67.9637980168654,"control",0,0,"sev.nfert","Nfert",11,2014,2,"0","0","1","0","0","0","0","0"
"29",85.3250201666989,"control",0,0,"sev.nfert","Nfert",12,2015,2,"0","0","1","0","0","0","0","0"
"30",227.736199609877,"control",0,0,"sev.nfert","Nfert",13,2016,2,"0","0","1","0","0","0","0","0"
"31",161.054960757548,"control",0,0,"sev.nfert","Nfert",14,2017,2,"0","0","1","0","0","0","0","0"
"32",32.8326879584886,"control",0,0,"sev.nfert","Nfert",15,2018,2,"0","0","1","0","0","0","0","0"
"33",15.2618139355355,"control",0,0,"sev.nfert","Nfert",16,2019,2,"0","0","1","0","0","0","0","0"
"34",54.5177980128205,"control",0,0,"sev.nfert","Nfert",17,2020,2,"0","0","1","0","0","0","0","0"
"35",37.963224577826,"control",0,0,"sev.nfert","Nfert",1,2004,3,"0","0","1","0","0","0","0","0"
"36",69.4808984707174,"control",0,0,"sev.nfert","Nfert",2,2005,3,"0","0","1","0","0","0","0","0"
"37",149.98952034564,"control",0,0,"sev.nfert","Nfert",3,2006,3,"0","0","1","0","0","0","0","0"
"38",130.831672627339,"control",0,0,"sev.nfert","Nfert",4,2007,3,"0","0","1","0","0","0","0","0"
"39",81.356980431771,"control",0,0,"sev.nfert","Nfert",5,2008,3,"0","0","1","0","0","0","0","0"
"40",51.1146580836859,"control",0,0,"sev.nfert","Nfert",6,2009,3,"0","0","1","0","0","0","0","0"
"41",70.0640725053711,"control",0,0,"sev.nfert","Nfert",7,2010,3,"0","0","1","0","0","0","0","0"
"42",12.9728881465035,"control",0,0,"sev.nfert","Nfert",8,2011,3,"0","0","1","0","0","0","0","0"
"43",90.7787072736375,"control",0,0,"sev.nfert","Nfert",9,2012,3,"0","0","1","0","0","0","0","0"
"44",100.921786497488,"control",0,0,"sev.nfert","Nfert",10,2013,3,"0","0","1","0","0","0","0","0"
"45",87.6943536527179,"control",0,0,"sev.nfert","Nfert",11,2014,3,"0","0","1","0","0","0","0","0"
"46",55.3663553059927,"control",0,0,"sev.nfert","Nfert",12,2015,3,"0","0","1","0","0","0","0","0"
"47",70.6399631580622,"control",0,0,"sev.nfert","Nfert",13,2016,3,"0","0","1","0","0","0","0","0"
"48",172.830684450441,"control",0,0,"sev.nfert","Nfert",14,2017,3,"0","0","1","0","0","0","0","0"
"49",95.952025636425,"control",0,0,"sev.nfert","Nfert",15,2018,3,"0","0","1","0","0","0","0","0"
"50",46.7182272800899,"control",0,0,"sev.nfert","Nfert",16,2019,3,"0","0","1","0","0","0","0","0"
"51",40.4319846941211,"control",0,0,"sev.nfert","Nfert",17,2020,3,"0","0","1","0","0","0","0","0"
"52",71.6339627535348,"N",10,0,"sev.nfert","Nfert",1,2004,4,"0","0","1","0","0","0","0","0"
"53",78.9368579186421,"N",10,0,"sev.nfert","Nfert",2,2005,4,"0","0","1","0","0","0","0","0"
"54",298.06330320664,"N",10,0,"sev.nfert","Nfert",3,2006,4,"0","0","1","0","0","0","0","0"
"55",139.209772344777,"N",10,0,"sev.nfert","Nfert",4,2007,4,"0","0","1","0","0","0","0","0"
"56",58.2154241124451,"N",10,0,"sev.nfert","Nfert",5,2008,4,"0","0","1","0","0","0","0","0"
"57",76.8912521244279,"N",10,0,"sev.nfert","Nfert",6,2009,4,"0","0","1","0","0","0","0","0"
"58",91.1966864002527,"N",10,0,"sev.nfert","Nfert",7,2010,4,"0","0","1","0","0","0","0","0"
"59",14.418089048026,"N",10,0,"sev.nfert","Nfert",8,2011,4,"0","0","1","0","0","0","0","0"
"60",139.08081132523,"N",10,0,"sev.nfert","Nfert",9,2012,4,"0","0","1","0","0","0","0","0"
"61",249.075265132842,"N",10,0,"sev.nfert","Nfert",10,2013,4,"0","0","1","0","0","0","0","0"
"62",222.482683199915,"N",10,0,"sev.nfert","Nfert",11,2014,4,"0","0","1","0","0","0","0","0"
"63",163.195398567903,"N",10,0,"sev.nfert","Nfert",12,2015,4,"0","0","1","0","0","0","0","0"
"64",356.326868160878,"N",10,0,"sev.nfert","Nfert",13,2016,4,"0","0","1","0","0","0","0","0"
"65",122.899846459165,"N",10,0,"sev.nfert","Nfert",14,2017,4,"0","0","1","0","0","0","0","0"
"66",61.2007329656292,"N",10,0,"sev.nfert","Nfert",15,2018,4,"0","0","1","0","0","0","0","0"
"67",7.7983530091536,"N",10,0,"sev.nfert","Nfert",16,2019,4,"0","0","1","0","0","0","0","0"
"68",22.8030151895074,"N",10,0,"sev.nfert","Nfert",17,2020,4,"0","0","1","0","0","0","0","0"
"69",52.5652453919997,"control",0,0,"sev.nfert","Nfert",1,2004,5,"0","0","1","0","0","0","0","0"
"70",95.1928323991475,"control",0,0,"sev.nfert","Nfert",2,2005,5,"0","0","1","0","0","0","0","0"
"71",149.903930673237,"control",0,0,"sev.nfert","Nfert",3,2006,5,"0","0","1","0","0","0","0","0"
"72",121.404398379034,"control",0,0,"sev.nfert","Nfert",4,2007,5,"0","0","1","0","0","0","0","0"
"73",41.0480401916087,"control",0,0,"sev.nfert","Nfert",5,2008,5,"0","0","1","0","0","0","0","0"
"74",46.3642617210658,"control",0,0,"sev.nfert","Nfert",6,2009,5,"0","0","1","0","0","0","0","0"
"75",101.256035536762,"control",0,0,"sev.nfert","Nfert",7,2010,5,"0","0","1","0","0","0","0","0"
"76",14.5610699690797,"control",0,0,"sev.nfert","Nfert",8,2011,5,"0","0","1","0","0","0","0","0"
"77",94.2742919042314,"control",0,0,"sev.nfert","Nfert",9,2012,5,"0","0","1","0","0","0","0","0"
"78",168.904215160433,"control",0,0,"sev.nfert","Nfert",10,2013,5,"0","0","1","0","0","0","0","0"
"79",103.859505545488,"control",0,0,"sev.nfert","Nfert",11,2014,5,"0","0","1","0","0","0","0","0"
"80",92.0119555585484,"control",0,0,"sev.nfert","Nfert",12,2015,5,"0","0","1","0","0","0","0","0"
"81",116.961321526286,"control",0,0,"sev.nfert","Nfert",13,2016,5,"0","0","1","0","0","0","0","0"
"82",184.869789352146,"control",0,0,"sev.nfert","Nfert",14,2017,5,"0","0","1","0","0","0","0","0"
"83",67.8301848854494,"control",0,0,"sev.nfert","Nfert",15,2018,5,"0","0","1","0","0","0","0","0"
"84",32.8983680659822,"control",0,0,"sev.nfert","Nfert",16,2019,5,"0","0","1","0","0","0","0","0"
"85",112.608909466797,"control",0,0,"sev.nfert","Nfert",17,2020,5,"0","0","1","0","0","0","0","0"
"86",53.5679245319828,"N",10,0,"sev.nfert","Nfert",1,2004,6,"0","0","1","0","0","0","0","0"
"87",85.1006301460671,"N",10,0,"sev.nfert","Nfert",2,2005,6,"0","0","1","0","0","0","0","0"
"88",407.090967426694,"N",10,0,"sev.nfert","Nfert",3,2006,6,"0","0","1","0","0","0","0","0"
"89",147.981445445527,"N",10,0,"sev.nfert","Nfert",4,2007,6,"0","0","1","0","0","0","0","0"
"90",123.808217803146,"N",10,0,"sev.nfert","Nfert",5,2008,6,"0","0","1","0","0","0","0","0"
"91",62.3285516425173,"N",10,0,"sev.nfert","Nfert",6,2009,6,"0","0","1","0","0","0","0","0"
"92",120.243141500752,"N",10,0,"sev.nfert","Nfert",7,2010,6,"0","0","1","0","0","0","0","0"
"93",17.1765822491479,"N",10,0,"sev.nfert","Nfert",8,2011,6,"0","0","1","0","0","0","0","0"
"94",85.8651611790877,"N",10,0,"sev.nfert","Nfert",9,2012,6,"0","0","1","0","0","0","0","0"
"95",218.644585915063,"N",10,0,"sev.nfert","Nfert",10,2013,6,"0","0","1","0","0","0","0","0"
"96",253.405927764886,"N",10,0,"sev.nfert","Nfert",11,2014,6,"0","0","1","0","0","0","0","0"
"97",73.1811367294342,"N",10,0,"sev.nfert","Nfert",12,2015,6,"0","0","1","0","0","0","0","0"
"98",249.061599569738,"N",10,0,"sev.nfert","Nfert",13,2016,6,"0","0","1","0","0","0","0","0"
"99",163.345245968758,"N",10,0,"sev.nfert","Nfert",14,2017,6,"0","0","1","0","0","0","0","0"
"100",51.6865387133892,"N",10,0,"sev.nfert","Nfert",15,2018,6,"0","0","1","0","0","0","0","0"
"101",3.61443518083841,"N",10,0,"sev.nfert","Nfert",16,2019,6,"0","0","1","0","0","0","0","0"
"102",29.8318726930879,"N",10,0,"sev.nfert","Nfert",17,2020,6,"0","0","1","0","0","0","0","0"
"103",40.7067218000969,"control",0,0,"sev.nfert","Nfert",1,2004,7,"0","0","1","0","0","0","0","0"
"104",71.6672413163507,"control",0,0,"sev.nfert","Nfert",2,2005,7,"0","0","1","0","0","0","0","0"
"105",140.478395697782,"control",0,0,"sev.nfert","Nfert",3,2006,7,"0","0","1","0","0","0","0","0"
"106",126.366024062716,"control",0,0,"sev.nfert","Nfert",4,2007,7,"0","0","1","0","0","0","0","0"
"107",40.601465418617,"control",0,0,"sev.nfert","Nfert",5,2008,7,"0","0","1","0","0","0","0","0"
"108",52.3942498508923,"control",0,0,"sev.nfert","Nfert",6,2009,7,"0","0","1","0","0","0","0","0"
"109",94.7997311148145,"control",0,0,"sev.nfert","Nfert",7,2010,7,"0","0","1","0","0","0","0","0"
"110",12.5446517977,"control",0,0,"sev.nfert","Nfert",8,2011,7,"0","0","1","0","0","0","0","0"
"111",53.4980501817502,"control",0,0,"sev.nfert","Nfert",9,2012,7,"0","0","1","0","0","0","0","0"
"112",156.131916223918,"control",0,0,"sev.nfert","Nfert",10,2013,7,"0","0","1","0","0","0","0","0"
"113",203.137136563575,"control",0,0,"sev.nfert","Nfert",11,2014,7,"0","0","1","0","0","0","0","0"
"114",118.174971652127,"control",0,0,"sev.nfert","Nfert",12,2015,7,"0","0","1","0","0","0","0","0"
"115",171.911033162802,"control",0,0,"sev.nfert","Nfert",13,2016,7,"0","0","1","0","0","0","0","0"
"116",107.848061868295,"control",0,0,"sev.nfert","Nfert",14,2017,7,"0","0","1","0","0","0","0","0"
"117",51.0798722152323,"control",0,0,"sev.nfert","Nfert",15,2018,7,"0","0","1","0","0","0","0","0"
"118",31.6642106588703,"control",0,0,"sev.nfert","Nfert",16,2019,7,"0","0","1","0","0","0","0","0"
"119",27.4119241655488,"control",0,0,"sev.nfert","Nfert",17,2020,7,"0","0","1","0","0","0","0","0"
"120",30.7632233464073,"N",10,0,"sev.nfert","Nfert",1,2004,8,"0","0","1","0","0","0","0","0"
"121",30.8599408859247,"N",10,0,"sev.nfert","Nfert",2,2005,8,"0","0","1","0","0","0","0","0"
"122",370.650139556649,"N",10,0,"sev.nfert","Nfert",3,2006,8,"0","0","1","0","0","0","0","0"
"123",120.367547451767,"N",10,0,"sev.nfert","Nfert",4,2007,8,"0","0","1","0","0","0","0","0"
"124",102.981830024904,"N",10,0,"sev.nfert","Nfert",5,2008,8,"0","0","1","0","0","0","0","0"
"125",61.3495916377012,"N",10,0,"sev.nfert","Nfert",6,2009,8,"0","0","1","0","0","0","0","0"
"126",111.297024557237,"N",10,0,"sev.nfert","Nfert",7,2010,8,"0","0","1","0","0","0","0","0"
"127",18.9756582371612,"N",10,0,"sev.nfert","Nfert",8,2011,8,"0","0","1","0","0","0","0","0"
"128",66.069838543835,"N",10,0,"sev.nfert","Nfert",9,2012,8,"0","0","1","0","0","0","0","0"
"129",227.571248077463,"N",10,0,"sev.nfert","Nfert",10,2013,8,"0","0","1","0","0","0","0","0"
"130",157.574437730571,"N",10,0,"sev.nfert","Nfert",11,2014,8,"0","0","1","0","0","0","0","0"
"131",60.8980186103301,"N",10,0,"sev.nfert","Nfert",12,2015,8,"0","0","1","0","0","0","0","0"
"132",198.292412638357,"N",10,0,"sev.nfert","Nfert",13,2016,8,"0","0","1","0","0","0","0","0"
"133",147.162074459285,"N",10,0,"sev.nfert","Nfert",14,2017,8,"0","0","1","0","0","0","0","0"
"134",44.0213367943449,"N",10,0,"sev.nfert","Nfert",15,2018,8,"0","0","1","0","0","0","0","0"
"135",14.4015653522015,"N",10,0,"sev.nfert","Nfert",16,2019,8,"0","0","1","0","0","0","0","0"
"136",48.7409440316759,"N",10,0,"sev.nfert","Nfert",17,2020,8,"0","0","1","0","0","0","0","0"
"137",35.9728994249194,"control",0,0,"sev.nfert","Nfert",1,2004,9,"0","0","1","0","0","0","0","0"
"138",48.7960397019128,"control",0,0,"sev.nfert","Nfert",2,2005,9,"0","0","1","0","0","0","0","0"
"139",222.006983430053,"control",0,0,"sev.nfert","Nfert",3,2006,9,"0","0","1","0","0","0","0","0"
"140",70.6379181000112,"control",0,0,"sev.nfert","Nfert",4,2007,9,"0","0","1","0","0","0","0","0"
"141",182.923251350342,"control",0,0,"sev.nfert","Nfert",5,2008,9,"0","0","1","0","0","0","0","0"
"142",41.7219501090727,"control",0,0,"sev.nfert","Nfert",6,2009,9,"0","0","1","0","0","0","0","0"
"143",91.3576628210379,"control",0,0,"sev.nfert","Nfert",7,2010,9,"0","0","1","0","0","0","0","0"
"144",18.2225934059122,"control",0,0,"sev.nfert","Nfert",8,2011,9,"0","0","1","0","0","0","0","0"
"145",75.9606090378614,"control",0,0,"sev.nfert","Nfert",9,2012,9,"0","0","1","0","0","0","0","0"
"146",170.499637821361,"control",0,0,"sev.nfert","Nfert",10,2013,9,"0","0","1","0","0","0","0","0"
"147",104.959194986533,"control",0,0,"sev.nfert","Nfert",11,2014,9,"0","0","1","0","0","0","0","0"
"148",102.707975746639,"control",0,0,"sev.nfert","Nfert",12,2015,9,"0","0","1","0","0","0","0","0"
"149",189.87171825913,"control",0,0,"sev.nfert","Nfert",13,2016,9,"0","0","1","0","0","0","0","0"
"150",100.631811502987,"control",0,0,"sev.nfert","Nfert",14,2017,9,"0","0","1","0","0","0","0","0"
"151",50.1828016321577,"control",0,0,"sev.nfert","Nfert",15,2018,9,"0","0","1","0","0","0","0","0"
"152",27.156375,"control",0,0,"sev.nfert","Nfert",16,2019,9,"0","0","1","0","0","0","0","0"
"153",146.290676282051,"control",0,0,"sev.nfert","Nfert",17,2020,9,"0","0","1","0","0","0","0","0"
"154",46.1572576629342,"N",10,0,"sev.nfert","Nfert",1,2004,10,"0","0","1","0","0","0","0","0"
"155",45.9129139712642,"N",10,0,"sev.nfert","Nfert",2,2005,10,"0","0","1","0","0","0","0","0"
"156",510.875307174178,"N",10,0,"sev.nfert","Nfert",3,2006,10,"0","0","1","0","0","0","0","0"
"157",72.878901385239,"N",10,0,"sev.nfert","Nfert",4,2007,10,"0","0","1","0","0","0","0","0"
"158",94.2870117955815,"N",10,0,"sev.nfert","Nfert",5,2008,10,"0","0","1","0","0","0","0","0"
"159",44.1403826748893,"N",10,0,"sev.nfert","Nfert",6,2009,10,"0","0","1","0","0","0","0","0"
"160",103.282664593258,"N",10,0,"sev.nfert","Nfert",7,2010,10,"0","0","1","0","0","0","0","0"
"161",17.1909823486458,"N",10,0,"sev.nfert","Nfert",8,2011,10,"0","0","1","0","0","0","0","0"
"162",107.018577668592,"N",10,0,"sev.nfert","Nfert",9,2012,10,"0","0","1","0","0","0","0","0"
"163",275.425595047208,"N",10,0,"sev.nfert","Nfert",10,2013,10,"0","0","1","0","0","0","0","0"
"164",243.232896335812,"N",10,0,"sev.nfert","Nfert",11,2014,10,"0","0","1","0","0","0","0","0"
"165",123.318147637435,"N",10,0,"sev.nfert","Nfert",12,2015,10,"0","0","1","0","0","0","0","0"
"166",253.035499245507,"N",10,0,"sev.nfert","Nfert",13,2016,10,"0","0","1","0","0","0","0","0"
"167",111.489732736817,"N",10,0,"sev.nfert","Nfert",14,2017,10,"0","0","1","0","0","0","0","0"
"168",67.441114746846,"N",10,0,"sev.nfert","Nfert",15,2018,10,"0","0","1","0","0","0","0","0"
"169",23.8531055607899,"N",10,0,"sev.nfert","Nfert",16,2019,10,"0","0","1","0","0","0","0","0"
"170",90.5634743589744,"N",10,0,"sev.nfert","Nfert",17,2020,10,"0","0","1","0","0","0","0","0"
"171",43.31563715628,"N",10,0,"sev.nfert","Nfert",1,2004,11,"0","0","1","0","0","0","0","0"
"172",48.7369456799461,"N",10,0,"sev.nfert","Nfert",2,2005,11,"0","0","1","0","0","0","0","0"
"173",352.484591582974,"N",10,0,"sev.nfert","Nfert",3,2006,11,"0","0","1","0","0","0","0","0"
"174",201.287969193242,"N",10,0,"sev.nfert","Nfert",4,2007,11,"0","0","1","0","0","0","0","0"
"175",179.845727179263,"N",10,0,"sev.nfert","Nfert",5,2008,11,"0","0","1","0","0","0","0","0"
"176",59.4884975392922,"N",10,0,"sev.nfert","Nfert",6,2009,11,"0","0","1","0","0","0","0","0"
"177",121.731848849709,"N",10,0,"sev.nfert","Nfert",7,2010,11,"0","0","1","0","0","0","0","0"
"178",30.5594311094959,"N",10,0,"sev.nfert","Nfert",8,2011,11,"0","0","1","0","0","0","0","0"
"179",117.647171632541,"N",10,0,"sev.nfert","Nfert",9,2012,11,"0","0","1","0","0","0","0","0"
"180",154.332787640093,"N",10,0,"sev.nfert","Nfert",10,2013,11,"0","0","1","0","0","0","0","0"
"181",251.035886171314,"N",10,0,"sev.nfert","Nfert",11,2014,11,"0","0","1","0","0","0","0","0"
"182",159.748980068175,"N",10,0,"sev.nfert","Nfert",12,2015,11,"0","0","1","0","0","0","0","0"
"183",320.88713798674,"N",10,0,"sev.nfert","Nfert",13,2016,11,"0","0","1","0","0","0","0","0"
"184",113.798632999311,"N",10,0,"sev.nfert","Nfert",14,2017,11,"0","0","1","0","0","0","0","0"
"185",47.4155648636246,"N",10,0,"sev.nfert","Nfert",15,2018,11,"0","0","1","0","0","0","0","0"
"186",18.5122875,"N",10,0,"sev.nfert","Nfert",16,2019,11,"0","0","1","0","0","0","0","0"
"187",73.3534470960062,"N",10,0,"sev.nfert","Nfert",17,2020,11,"0","0","1","0","0","0","0","0"
"188",54.51814855,"control",0,0,"sev.nfert","Nfert",1,2004,12,"0","0","1","0","0","0","0","0"
"189",73.16837125,"control",0,0,"sev.nfert","Nfert",2,2005,12,"0","0","1","0","0","0","0","0"
"190",168.613167955959,"control",0,0,"sev.nfert","Nfert",3,2006,12,"0","0","1","0","0","0","0","0"
"191",97.7836974339313,"control",0,0,"sev.nfert","Nfert",4,2007,12,"0","0","1","0","0","0","0","0"
"192",95.65270514,"control",0,0,"sev.nfert","Nfert",5,2008,12,"0","0","1","0","0","0","0","0"
"193",55.0954879375966,"control",0,0,"sev.nfert","Nfert",6,2009,12,"0","0","1","0","0","0","0","0"
"194",96.3343556976964,"control",0,0,"sev.nfert","Nfert",7,2010,12,"0","0","1","0","0","0","0","0"
"195",63.8932752977281,"control",0,0,"sev.nfert","Nfert",8,2011,12,"0","0","1","0","0","0","0","0"
"196",97.9107897788679,"control",0,0,"sev.nfert","Nfert",9,2012,12,"0","0","1","0","0","0","0","0"
"197",223.272344862912,"control",0,0,"sev.nfert","Nfert",10,2013,12,"0","0","1","0","0","0","0","0"
"198",166.177612823125,"control",0,0,"sev.nfert","Nfert",11,2014,12,"0","0","1","0","0","0","0","0"
"199",146.203161376286,"control",0,0,"sev.nfert","Nfert",12,2015,12,"0","0","1","0","0","0","0","0"
"200",222.062728023086,"control",0,0,"sev.nfert","Nfert",13,2016,12,"0","0","1","0","0","0","0","0"
"201",160.620986372086,"control",0,0,"sev.nfert","Nfert",14,2017,12,"0","0","1","0","0","0","0","0"
"202",101.122730968319,"control",0,0,"sev.nfert","Nfert",15,2018,12,"0","0","1","0","0","0","0","0"
"203",44.2620021027858,"control",0,0,"sev.nfert","Nfert",16,2019,12,"0","0","1","0","0","0","0","0"
"204",82.1643903119726,"control",0,0,"sev.nfert","Nfert",17,2020,12,"0","0","1","0","0","0","0","0"
"205",42.7481430218297,"control",0,0,"sev.nfert","Nfert",1,2004,13,"0","0","1","0","0","0","0","0"
"206",63.0293434491566,"control",0,0,"sev.nfert","Nfert",2,2005,13,"0","0","1","0","0","0","0","0"
"207",163.870408062286,"control",0,0,"sev.nfert","Nfert",3,2006,13,"0","0","1","0","0","0","0","0"
"208",109.877928917548,"control",0,0,"sev.nfert","Nfert",4,2007,13,"0","0","1","0","0","0","0","0"
"209",75.143413558208,"control",0,0,"sev.nfert","Nfert",5,2008,13,"0","0","1","0","0","0","0","0"
"210",42.9402684113934,"control",0,0,"sev.nfert","Nfert",6,2009,13,"0","0","1","0","0","0","0","0"
"211",50.1746975709796,"control",0,0,"sev.nfert","Nfert",7,2010,13,"0","0","1","0","0","0","0","0"
"212",6.57684462654236,"control",0,0,"sev.nfert","Nfert",8,2011,13,"0","0","1","0","0","0","0","0"
"213",58.1675582373295,"control",0,0,"sev.nfert","Nfert",9,2012,13,"0","0","1","0","0","0","0","0"
"214",157.275509287185,"control",0,0,"sev.nfert","Nfert",10,2013,13,"0","0","1","0","0","0","0","0"
"215",100.815651139714,"control",0,0,"sev.nfert","Nfert",11,2014,13,"0","0","1","0","0","0","0","0"
"216",80.3033602389631,"control",0,0,"sev.nfert","Nfert",12,2015,13,"0","0","1","0","0","0","0","0"
"217",75.3622387226964,"control",0,0,"sev.nfert","Nfert",13,2016,13,"0","0","1","0","0","0","0","0"
"218",98.3624401165341,"control",0,0,"sev.nfert","Nfert",14,2017,13,"0","0","1","0","0","0","0","0"
"219",48.2234937239281,"control",0,0,"sev.nfert","Nfert",15,2018,13,"0","0","1","0","0","0","0","0"
"220",27.0912310184569,"control",0,0,"sev.nfert","Nfert",16,2019,13,"0","0","1","0","0","0","0","0"
"221",25.6455764488442,"control",0,0,"sev.nfert","Nfert",17,2020,13,"0","0","1","0","0","0","0","0"
"222",29.9354843699039,"N",10,0,"sev.nfert","Nfert",1,2004,14,"0","0","1","0","0","0","0","0"
"223",45.72963829321,"N",10,0,"sev.nfert","Nfert",2,2005,14,"0","0","1","0","0","0","0","0"
"224",162.466882467946,"N",10,0,"sev.nfert","Nfert",3,2006,14,"0","0","1","0","0","0","0","0"
"225",148.508216012334,"N",10,0,"sev.nfert","Nfert",4,2007,14,"0","0","1","0","0","0","0","0"
"226",42.5170020518979,"N",10,0,"sev.nfert","Nfert",5,2008,14,"0","0","1","0","0","0","0","0"
"227",54.1049228951754,"N",10,0,"sev.nfert","Nfert",6,2009,14,"0","0","1","0","0","0","0","0"
"228",98.8941311547561,"N",10,0,"sev.nfert","Nfert",7,2010,14,"0","0","1","0","0","0","0","0"
"229",11.6041093373689,"N",10,0,"sev.nfert","Nfert",8,2011,14,"0","0","1","0","0","0","0","0"
"230",62.0657011149872,"N",10,0,"sev.nfert","Nfert",9,2012,14,"0","0","1","0","0","0","0","0"
"231",189.344883007454,"N",10,0,"sev.nfert","Nfert",10,2013,14,"0","0","1","0","0","0","0","0"
"232",186.163680301596,"N",10,0,"sev.nfert","Nfert",11,2014,14,"0","0","1","0","0","0","0","0"
"233",199.869635452677,"N",10,0,"sev.nfert","Nfert",12,2015,14,"0","0","1","0","0","0","0","0"
"234",171.303250778142,"N",10,0,"sev.nfert","Nfert",13,2016,14,"0","0","1","0","0","0","0","0"
"235",186.986670511917,"N",10,0,"sev.nfert","Nfert",14,2017,14,"0","0","1","0","0","0","0","0"
"236",45.1284227211495,"N",10,0,"sev.nfert","Nfert",15,2018,14,"0","0","1","0","0","0","0","0"
"237",20.2372484665682,"N",10,0,"sev.nfert","Nfert",16,2019,14,"0","0","1","0","0","0","0","0"
"238",79.0572602186445,"N",10,0,"sev.nfert","Nfert",17,2020,14,"0","0","1","0","0","0","0","0"
"239",63.917511328949,"control",0,0,"sev.nfert","Nfert",1,2004,15,"0","0","1","0","0","0","0","0"
"240",108.340654361362,"control",0,0,"sev.nfert","Nfert",2,2005,15,"0","0","1","0","0","0","0","0"
"241",113.030575011243,"control",0,0,"sev.nfert","Nfert",3,2006,15,"0","0","1","0","0","0","0","0"
"242",102.009978622772,"control",0,0,"sev.nfert","Nfert",4,2007,15,"0","0","1","0","0","0","0","0"
"243",52.2028108702385,"control",0,0,"sev.nfert","Nfert",5,2008,15,"0","0","1","0","0","0","0","0"
"244",54.1648280032276,"control",0,0,"sev.nfert","Nfert",6,2009,15,"0","0","1","0","0","0","0","0"
"245",67.1959271956,"control",0,0,"sev.nfert","Nfert",7,2010,15,"0","0","1","0","0","0","0","0"
"246",5.43607726105652,"control",0,0,"sev.nfert","Nfert",8,2011,15,"0","0","1","0","0","0","0","0"
"247",40.5016284516892,"control",0,0,"sev.nfert","Nfert",9,2012,15,"0","0","1","0","0","0","0","0"
"248",199.442897797568,"control",0,0,"sev.nfert","Nfert",10,2013,15,"0","0","1","0","0","0","0","0"
"249",82.5070018040245,"control",0,0,"sev.nfert","Nfert",11,2014,15,"0","0","1","0","0","0","0","0"
"250",157.747323018949,"control",0,0,"sev.nfert","Nfert",12,2015,15,"0","0","1","0","0","0","0","0"
"251",95.7339494421357,"control",0,0,"sev.nfert","Nfert",13,2016,15,"0","0","1","0","0","0","0","0"
"252",79.5514570700496,"control",0,0,"sev.nfert","Nfert",14,2017,15,"0","0","1","0","0","0","0","0"
"253",43.8202877675883,"control",0,0,"sev.nfert","Nfert",15,2018,15,"0","0","1","0","0","0","0","0"
"254",43.2911180320687,"control",0,0,"sev.nfert","Nfert",16,2019,15,"0","0","1","0","0","0","0","0"
"255",45.4493909696355,"control",0,0,"sev.nfert","Nfert",17,2020,15,"0","0","1","0","0","0","0","0"
"256",70.4719598989454,"N",10,0,"sev.nfert","Nfert",1,2004,16,"0","0","1","0","0","0","0","0"
"257",58.1592745069134,"N",10,0,"sev.nfert","Nfert",2,2005,16,"0","0","1","0","0","0","0","0"
"258",469.335632221641,"N",10,0,"sev.nfert","Nfert",3,2006,16,"0","0","1","0","0","0","0","0"
"259",247.852207847797,"N",10,0,"sev.nfert","Nfert",4,2007,16,"0","0","1","0","0","0","0","0"
"260",110.570004721619,"N",10,0,"sev.nfert","Nfert",5,2008,16,"0","0","1","0","0","0","0","0"
"261",87.6836610853596,"N",10,0,"sev.nfert","Nfert",6,2009,16,"0","0","1","0","0","0","0","0"
"262",94.9220907335216,"N",10,0,"sev.nfert","Nfert",7,2010,16,"0","0","1","0","0","0","0","0"
"263",3.26931728559738,"N",10,0,"sev.nfert","Nfert",8,2011,16,"0","0","1","0","0","0","0","0"
"264",100.695863218277,"N",10,0,"sev.nfert","Nfert",9,2012,16,"0","0","1","0","0","0","0","0"
"265",160.117282534747,"N",10,0,"sev.nfert","Nfert",10,2013,16,"0","0","1","0","0","0","0","0"
"266",156.538478014035,"N",10,0,"sev.nfert","Nfert",11,2014,16,"0","0","1","0","0","0","0","0"
"267",119.412769142983,"N",10,0,"sev.nfert","Nfert",12,2015,16,"0","0","1","0","0","0","0","0"
"268",205.647535686415,"N",10,0,"sev.nfert","Nfert",13,2016,16,"0","0","1","0","0","0","0","0"
"269",170.901117989418,"N",10,0,"sev.nfert","Nfert",14,2017,16,"0","0","1","0","0","0","0","0"
"270",49.3710175663875,"N",10,0,"sev.nfert","Nfert",15,2018,16,"0","0","1","0","0","0","0","0"
"271",29.3943345323848,"N",10,0,"sev.nfert","Nfert",16,2019,16,"0","0","1","0","0","0","0","0"
"272",51.1294413535129,"N",10,0,"sev.nfert","Nfert",17,2020,16,"0","0","1","0","0","0","0","0"
"273",63.5705092285332,"N",10,0,"sev.nfert","Nfert",1,2004,17,"0","0","1","0","0","0","0","0"
"274",72.0116207680659,"N",10,0,"sev.nfert","Nfert",2,2005,17,"0","0","1","0","0","0","0","0"
"275",209.24489535515,"N",10,0,"sev.nfert","Nfert",3,2006,17,"0","0","1","0","0","0","0","0"
"276",197.022038562613,"N",10,0,"sev.nfert","Nfert",4,2007,17,"0","0","1","0","0","0","0","0"
"277",84.4500718645839,"N",10,0,"sev.nfert","Nfert",5,2008,17,"0","0","1","0","0","0","0","0"
"278",97.0197406286246,"N",10,0,"sev.nfert","Nfert",6,2009,17,"0","0","1","0","0","0","0","0"
"279",193.621361396649,"N",10,0,"sev.nfert","Nfert",7,2010,17,"0","0","1","0","0","0","0","0"
"280",2.55699409529963,"N",10,0,"sev.nfert","Nfert",8,2011,17,"0","0","1","0","0","0","0","0"
"281",90.3429485453377,"N",10,0,"sev.nfert","Nfert",9,2012,17,"0","0","1","0","0","0","0","0"
"282",203.454303984764,"N",10,0,"sev.nfert","Nfert",10,2013,17,"0","0","1","0","0","0","0","0"
"283",103.444783510529,"N",10,0,"sev.nfert","Nfert",11,2014,17,"0","0","1","0","0","0","0","0"
"284",199.833820026453,"N",10,0,"sev.nfert","Nfert",12,2015,17,"0","0","1","0","0","0","0","0"
"285",199.068210346669,"N",10,0,"sev.nfert","Nfert",13,2016,17,"0","0","1","0","0","0","0","0"
"286",174.760356181647,"N",10,0,"sev.nfert","Nfert",14,2017,17,"0","0","1","0","0","0","0","0"
"287",83.6171481393501,"N",10,0,"sev.nfert","Nfert",15,2018,17,"0","0","1","0","0","0","0","0"
"288",22.4432698042736,"N",10,0,"sev.nfert","Nfert",16,2019,17,"0","0","1","0","0","0","0","0"
"289",34.0462559495824,"N",10,0,"sev.nfert","Nfert",17,2020,17,"0","0","1","0","0","0","0","0"
"290",36.8439392136832,"control",0,0,"sev.nfert","Nfert",1,2004,18,"0","0","1","0","0","0","0","0"
"291",81.8606740897071,"control",0,0,"sev.nfert","Nfert",2,2005,18,"0","0","1","0","0","0","0","0"
"292",114.441432257988,"control",0,0,"sev.nfert","Nfert",3,2006,18,"0","0","1","0","0","0","0","0"
"293",169.559188402575,"control",0,0,"sev.nfert","Nfert",4,2007,18,"0","0","1","0","0","0","0","0"
"294",47.5525381858036,"control",0,0,"sev.nfert","Nfert",5,2008,18,"0","0","1","0","0","0","0","0"
"295",60.6430484855715,"control",0,0,"sev.nfert","Nfert",6,2009,18,"0","0","1","0","0","0","0","0"
"296",80.7865212224591,"control",0,0,"sev.nfert","Nfert",7,2010,18,"0","0","1","0","0","0","0","0"
"297",4.5921811694334,"control",0,0,"sev.nfert","Nfert",8,2011,18,"0","0","1","0","0","0","0","0"
"298",38.1288242437634,"control",0,0,"sev.nfert","Nfert",9,2012,18,"0","0","1","0","0","0","0","0"
"299",174.145026766292,"control",0,0,"sev.nfert","Nfert",10,2013,18,"0","0","1","0","0","0","0","0"
"300",130.231665795962,"control",0,0,"sev.nfert","Nfert",11,2014,18,"0","0","1","0","0","0","0","0"
"301",129.028909192074,"control",0,0,"sev.nfert","Nfert",12,2015,18,"0","0","1","0","0","0","0","0"
"302",121.485788381843,"control",0,0,"sev.nfert","Nfert",13,2016,18,"0","0","1","0","0","0","0","0"
"303",91.5850955787949,"control",0,0,"sev.nfert","Nfert",14,2017,18,"0","0","1","0","0","0","0","0"
"304",35.0266172825661,"control",0,0,"sev.nfert","Nfert",15,2018,18,"0","0","1","0","0","0","0","0"
"305",37.1447263628903,"control",0,0,"sev.nfert","Nfert",16,2019,18,"0","0","1","0","0","0","0","0"
"306",23.4541460851045,"control",0,0,"sev.nfert","Nfert",17,2020,18,"0","0","1","0","0","0","0","0"
"307",34.3051120911837,"N",10,0,"sev.nfert","Nfert",1,2004,19,"0","0","1","0","0","0","0","0"
"308",59.7415570192627,"N",10,0,"sev.nfert","Nfert",2,2005,19,"0","0","1","0","0","0","0","0"
"309",336.490806464988,"N",10,0,"sev.nfert","Nfert",3,2006,19,"0","0","1","0","0","0","0","0"
"310",75.3017418936919,"N",10,0,"sev.nfert","Nfert",4,2007,19,"0","0","1","0","0","0","0","0"
"311",155.104761522166,"N",10,0,"sev.nfert","Nfert",5,2008,19,"0","0","1","0","0","0","0","0"
"312",37.2233383071547,"N",10,0,"sev.nfert","Nfert",6,2009,19,"0","0","1","0","0","0","0","0"
"313",102.150902478135,"N",10,0,"sev.nfert","Nfert",7,2010,19,"0","0","1","0","0","0","0","0"
"314",9.68430039588019,"N",10,0,"sev.nfert","Nfert",8,2011,19,"0","0","1","0","0","0","0","0"
"315",107.645619755709,"N",10,0,"sev.nfert","Nfert",9,2012,19,"0","0","1","0","0","0","0","0"
"316",207.87177447044,"N",10,0,"sev.nfert","Nfert",10,2013,19,"0","0","1","0","0","0","0","0"
"317",109.022194776969,"N",10,0,"sev.nfert","Nfert",11,2014,19,"0","0","1","0","0","0","0","0"
"318",124.352967273182,"N",10,0,"sev.nfert","Nfert",12,2015,19,"0","0","1","0","0","0","0","0"
"319",280.116849756631,"N",10,0,"sev.nfert","Nfert",13,2016,19,"0","0","1","0","0","0","0","0"
"320",228.724063731709,"N",10,0,"sev.nfert","Nfert",14,2017,19,"0","0","1","0","0","0","0","0"
"321",39.6500297848648,"N",10,0,"sev.nfert","Nfert",15,2018,19,"0","0","1","0","0","0","0","0"
"322",42.8290375,"N",10,0,"sev.nfert","Nfert",16,2019,19,"0","0","1","0","0","0","0","0"
"323",30.7417318290103,"N",10,0,"sev.nfert","Nfert",17,2020,19,"0","0","1","0","0","0","0","0"
"324",33.8329000836313,"control",0,0,"sev.nfert","Nfert",1,2004,20,"0","0","1","0","0","0","0","0"
"325",84.5098551437043,"control",0,0,"sev.nfert","Nfert",2,2005,20,"0","0","1","0","0","0","0","0"
"326",283.296551179457,"control",0,0,"sev.nfert","Nfert",3,2006,20,"0","0","1","0","0","0","0","0"
"327",116.220665141767,"control",0,0,"sev.nfert","Nfert",4,2007,20,"0","0","1","0","0","0","0","0"
"328",66.068654432556,"control",0,0,"sev.nfert","Nfert",5,2008,20,"0","0","1","0","0","0","0","0"
"329",58.5922224240809,"control",0,0,"sev.nfert","Nfert",6,2009,20,"0","0","1","0","0","0","0","0"
"330",103.276557776486,"control",0,0,"sev.nfert","Nfert",7,2010,20,"0","0","1","0","0","0","0","0"
"331",12.880937131648,"control",0,0,"sev.nfert","Nfert",8,2011,20,"0","0","1","0","0","0","0","0"
"332",68.6367725507767,"control",0,0,"sev.nfert","Nfert",9,2012,20,"0","0","1","0","0","0","0","0"
"333",305.732074960513,"control",0,0,"sev.nfert","Nfert",10,2013,20,"0","0","1","0","0","0","0","0"
"334",109.556719495529,"control",0,0,"sev.nfert","Nfert",11,2014,20,"0","0","1","0","0","0","0","0"
"335",117.072117694758,"control",0,0,"sev.nfert","Nfert",12,2015,20,"0","0","1","0","0","0","0","0"
"336",148.963111697446,"control",0,0,"sev.nfert","Nfert",13,2016,20,"0","0","1","0","0","0","0","0"
"337",119.357143278632,"control",0,0,"sev.nfert","Nfert",14,2017,20,"0","0","1","0","0","0","0","0"
"338",67.6905773803735,"control",0,0,"sev.nfert","Nfert",15,2018,20,"0","0","1","0","0","0","0","0"
"339",43.9896590575599,"control",0,0,"sev.nfert","Nfert",16,2019,20,"0","0","1","0","0","0","0","0"
"340",84.0242014423077,"control",0,0,"sev.nfert","Nfert",17,2020,20,"0","0","1","0","0","0","0","0"
